documento_id,citacoes
gen_n1_001,"83,108,inventada,-,-|589,652,incompleta,-,-|600,621,incompleta,-,-|797,820,inventada,-,-|957,982,inventada,-,-|1398,1479,incompleta,-,-|1409,1430,incompleta,-,-|1935,1960,real,5665364632,-|2901,2914,inventada,-,-|3058,3114,incompleta,-,-|3072,3083,incompleta,-,-|3259,3284,real,6689204911,-"
gen_n1_002,"129,154,inventada,-,-|651,709,incompleta,-,-|665,676,incompleta,-,-|845,898,incompleta,-,-|859,871,incompleta,-,-|1052,1065,inventada,-,-|1475,1501,real,3576055165,-|1613,1643,real,1922829498,-|2133,2153,inventada,-,-|2308,2350,real,2678821961,-|3364,3370,incompleta,-,-"
gen_n1_003,"47,72,inventada,-,-|577,593,real,2108020112,-|1193,1201,incompleta,-,-|1193,1235,incompleta,-,-|1677,1695,real,2939285691,-|2308,2380,incompleta,-,-|2480,2488,incompleta,-,-|2480,2522,incompleta,-,-|3034,3060,real,3445761877,-|3204,3212,incompleta,-,-"
gen_n1_004,"75,100,inventada,-,-|464,489,inventada,-,-|1435,1450,inventada,-,-|1575,1600,real,2161632985,-|2012,2037,real,6688597116,-|2508,2516,incompleta,-,-|2508,2540,incompleta,-,-|2643,2668,real,6689057510,-"
gen_n1_005,"47,72,inventada,-,-|848,874,real,2684964055,-|1030,1071,real,1659996497,-|1532,1558,real,2684902370,-|2039,2104,incompleta,-,-|2050,2071,incompleta,-,-|2668,2681,inventada,-,-"
gen_n1_006,"89,114,inventada,-,-|515,536,real,469077298,-|657,709,real,375394498,-|1169,1194,real,1891499398,-|1818,1825,incompleta,-,-|1818,1856,incompleta,-,-|1991,2051,incompleta,-,-|2188,2201,inventada,-,-|2684,2692,incompleta,-,-|2684,2712,incompleta,-,-|3094,3119,real,1888419216,-"
gen_n1_007,"22,47,inventada,-,-|531,538,incompleta,-,-|946,968,real,2679568224,-|1422,1483,incompleta,-,-|1433,1454,incompleta,-,-|1636,1652,inventada,-,-|1732,1740,incompleta,-,-|1732,1764,incompleta,-,-|2360,2426,incompleta,-,-|2371,2390,incompleta,-,-|2892,2909,real,1915411069,-|3028,3051,inventada,-,-"
gen_n1_008,"77,102,inventada,-,-|558,566,incompleta,-,-|900,933,real,653841135,-|1341,1378,real,861411570,-|1831,1844,inventada,-,-|2332,2340,incompleta,-,-|3099,3109,inventada,-,-|3238,3251,inventada,-,-"
gen_n1_009,"117,142,inventada,-,-|1386,1403,real,3584971504,-|1921,1934,inventada,-,-|2449,2533,real,3360644937,-|2968,2978,inventada,-,-|3065,3098,real,5533262570,-|3220,3235,inventada,-,-|3401,3465,real,6576893354,-|3603,3635,real,2563032738,-"
gen_n1_010,"22,47,inventada,-,-|477,494,inventada,-,-|933,949,real,2566417138,-|1612,1622,real,1289711022,-|2140,2172,real,2684945476,-|2556,2588,real,3444970751,-|2748,2777,real,2549257337,-|2918,2931,inventada,-,-|3049,3107,real,2107673016,-|3235,3251,inventada,-,-"
gen_n1_011,"78,103,inventada,-,-|502,523,inventada,-,-|670,728,incompleta,-,-|684,695,incompleta,-,-|1216,1242,real,2679580316,-|1710,1717,incompleta,-,-|2204,2220,inventada,-,-|2363,2421,incompleta,-,-|2377,2388,incompleta,-,-|2828,2851,inventada,-,-"
gen_n1_012,"79,104,inventada,-,-|574,605,real,862182008,-|1119,1127,incompleta,-,-|1222,1243,incompleta,-,-|1412,1428,inventada,-,-|1891,1914,inventada,-,-|2055,2085,incompleta,-,-|2970,2986,real,2785081280,-|3135,3170,real,2428195275,-|3317,3330,inventada,-,-"
gen_n1_013,"77,102,inventada,-,-|1041,1064,inventada,-,-|1629,1636,incompleta,-,-|2109,2183,incompleta,-,-|2120,2141,incompleta,-,-|2319,2329,inventada,-,-|2532,2603,real,1931806554,-|2981,3002,real,16794531,-"
gen_n2_001,"78,103,inventada,-,-|544,563,inventada,-,-|1194,1244,incompleta,-,-|1208,1220,incompleta,-,-|1707,1741,real,192165489,-|2220,2230,inventada,-,-|2343,2407,incompleta,-,-|2354,2375,incompleta,-,-|2539,2566,real,2685013495,-|2976,3040,real,6304461308,-"
gen_n2_002,"134,159,inventada,-,-|670,736,incompleta,-,-|681,700,incompleta,-,-|1901,1970,incompleta,-,-|2995,3004,incompleta,-,-|3202,3224,real,1915411053,-"
gen_n2_003,"79,104,inventada,-,-|613,668,incompleta,-,-|758,789,real,861411580,-|1292,1314,real,392669042,-|2559,2567,incompleta,-,-|2988,3027,real,861411566,-"
gen_n2_004,"89,114,inventada,-,-|1014,1024,incompleta,-,-|1014,1046,incompleta,-,-|2055,2092,real,1887816799,-|2264,2286,real,369460073,-|2390,2397,incompleta,-,-|2390,2418,incompleta,-,-"
gen_n2_005,"79,104,inventada,-,-|1122,1175,incompleta,-,-|1136,1148,incompleta,-,-|1617,1669,incompleta,-,-|1631,1643,incompleta,-,-|1765,1771,incompleta,-,-|1765,1794,incompleta,-,-|1901,1924,incompleta,-,-|1911,1935,incompleta,-,-|2388,2466,incompleta,-,-|2976,3011,real,862014739,-|3172,3181,incompleta,-,-"
gen_n2_006,"80,105,inventada,-,-|494,560,incompleta,-,-|505,526,incompleta,-,-|681,688,incompleta,-,-|681,708,incompleta,-,-|857,867,incompleta,-,-|857,883,incompleta,-,-|992,1033,real,1888340642,-|1472,1496,real,1888089426,-|1928,1980,incompleta,-,-|1942,1954,incompleta,-,-|3026,3097,incompleta,-,-|3037,3056,incompleta,-,-"
gen_n2_007,"75,100,inventada,-,-|514,547,real,2382656124,-|955,962,incompleta,-,-|955,978,incompleta,-,-|2100,2121,inventada,-,-"
gen_n2_008,"130,155,inventada,-,-|1898,1932,real,3360644282,-|2384,2400,inventada,-,-|3051,3077,real,2849473714,-"
gen_n2_009,"91,116,inventada,-,-|539,563,real,3347738001,-|725,762,real,3375797414,-|883,891,incompleta,-,-|883,907,incompleta,-,-|1190,1207,inventada,-,-|1614,1640,real,6490934118,-|1771,1786,real,2549252487,-|2227,2257,real,524699160,-|3263,3283,real,3347737758,-"
gen_n2_010,"172,197,inventada,-,-|579,599,inventada,-,-|1164,1194,real,2107883738,-|1640,1650,incompleta,-,-|1640,1666,incompleta,-,-|2107,2114,incompleta,-,-|2107,2148,incompleta,-,-|2626,2687,incompleta,-,-|2640,2651,incompleta,-,-|2841,2873,real,2106317594,-|2963,3007,real,2684973273,-"
gen_n2_011,"121,146,inventada,-,-|671,680,real,1289710642,-|802,821,inventada,-,-|968,988,real,3580782436,-|1871,1881,inventada,-,-|2313,2356,inventada,-,-|2473,2517,real,2108195032,-|2934,2940,incompleta,-,-"
gen_n2_012,"22,47,inventada,-,-|481,507,real,2674928810,-|1082,1155,incompleta,-,-|1110,1122,incompleta,-,-|1603,1627,inventada,-,-|2089,2096,incompleta,-,-|2695,2717,inventada,-,-|3158,3174,real,2675221299,-"
gen_n2_013,"75,100,inventada,-,-|525,550,real,2382484994,-|1375,1448,incompleta,-,-|1386,1405,incompleta,-,-|1883,1913,real,1477658218,-|2198,2223,real,2733853490,-"
